001-38-6972,鈴木 結衣,090-0518-9388,高知県横浜市神奈川区太田ヶ谷16丁目23番10号 コーポ虎ノ門050,ryosuke54@example.com,遠藤 くみ子,080-8146-7344,セックス
318-60-5654,佐々木 太郎,080-8424-8402,島根県北区今戸21丁目25番3号 コート手岡996,miurashota@example.com,山口 直子,070-7410-4778,お父さん
795-58-8751,佐藤 涼平,66-7117-5565,沖縄県文京区湯宮11丁目9番11号,yamashitashohei@example.org,斉藤 翔太,070-5084-7490,お父さん
882-50-1494,小林 桃子,070-3830-9319,高知県羽村市中三依6丁目17番2号 筑土八幡町パレス611,rikasuzuki@example.com,佐々木 加奈,080-1212-8905,その他
224-60-6588,佐々木 陽一,070-4487-0736,石川県西東京市太田ヶ谷32丁目5番20号,nyoshida@example.org,田中 涼平,080-3541-4563,お父さん
067-11-1098,森 加奈,090-5707-1913,長崎県横浜市中区東神田42丁目11番1号 パーク大中035,maaya56@example.com,太田 陽一,63-7884-1243,お父さん
171-03-4305,井上 幹,090-4675-7435,三重県長生郡長柄町中小来川27丁目4番12号 三筋コート085,sakamototsubasa@example.org,橋本 あすか,01-7319-4772,お父さん
257-21-4555,岡本 あすか,070-2458-4491,愛知県港区筑土八幡町21丁目10番5号 クレスト五味ヶ谷096,naokotanaka@example.org,鈴木 花子,27-2778-0880,子
329-70-2135,鈴木 直子,090-7947-7854,兵庫県羽村市独鈷沢4丁目7番17号 竜泉アーバン749,ykobayashi@example.org,中島 英樹,080-8901-7553,お父さん
336-79-2927,佐藤 康弘,080-0827-2092,福島県山武郡芝山町今戸24丁目26番11号 松が谷パレス859,nkobayashi@example.com,池田 さゆり,070-2930-5235,その他
622-85-3088,吉田 修平,93-6401-0678,東京都大島町日光41丁目1番19号 入谷ハイツ968,kenichi79@example.org,高橋 里佳,070-1296-1122,お父さん
765-02-7593,中川 亮介,65-9808-7474,広島県調布市美原町16丁目10番4号,fsato@example.net,加藤 里佳,080-9311-4829,お父さん
696-01-6787,加藤 舞,080-2021-8991,岐阜県東村山市細竹1丁目11番19号,yoichi91@example.com,松本 涼平,070-0950-1902,お父さん
284-65-4631,山下 洋介,090-8836-2287,福井県長生郡睦沢町中小来川40丁目13番1号 クレスト芝大門276,abeasuka@example.net,林 花子,090-2367-6442,お母さん
357-57-8900,佐藤 舞,89-1498-8576,富山県鎌ケ谷市三筋22丁目3番5号,endochiyo@example.net,山本 聡太郎,68-3706-1339,セックス
